<?xml version="1.0" encoding="UTF-8"?>

<channel name="displays" version="1.0">
  <property name="ActiveProfile" type="string" value="Default"/>
  <property name="Default" type="empty">
    <property name="DVI-D-0" type="string" value="Ancor Communications Inc 24&quot;">
      <property name="Active" type="bool" value="true"/>
      <property name="EDID" type="string" value="c6033a5d04e2e18b34bef73bffe9bcd97883bcf9"/>
      <property name="Resolution" type="string" value="1920x1080"/>
      <property name="RefreshRate" type="double" value="60.000000"/>
      <property name="Rotation" type="int" value="0"/>
      <property name="Reflection" type="string" value="0"/>
      <property name="Primary" type="bool" value="false"/>
      <property name="Scale" type="empty">
        <property name="X" type="double" value="1.000000"/>
        <property name="Y" type="double" value="1.000000"/>
      </property>
      <property name="Position" type="empty">
        <property name="X" type="int" value="3840"/>
        <property name="Y" type="int" value="0"/>
      </property>
    </property>
    <property name="HDMI-0" type="string" value="Goldstar Company Ltd 24&quot;">
      <property name="Active" type="bool" value="true"/>
      <property name="EDID" type="string" value="a72be2a7a303f4ded830da32c85a08e69e81ecdd"/>
      <property name="Resolution" type="string" value="1920x1080"/>
      <property name="RefreshRate" type="double" value="60.000000"/>
      <property name="Rotation" type="int" value="0"/>
      <property name="Reflection" type="string" value="0"/>
      <property name="Primary" type="bool" value="false"/>
      <property name="Scale" type="empty">
        <property name="X" type="double" value="1.000000"/>
        <property name="Y" type="double" value="1.000000"/>
      </property>
      <property name="Position" type="empty">
        <property name="X" type="int" value="0"/>
        <property name="Y" type="int" value="0"/>
      </property>
    </property>
    <property name="DP-0" type="string" value="AOC International 23&quot;">
      <property name="Active" type="bool" value="true"/>
      <property name="EDID" type="string" value="84837a5d05e98417608d5505078fd63f7dd38b71"/>
      <property name="Resolution" type="string" value="1920x1080"/>
      <property name="RefreshRate" type="double" value="60.000000"/>
      <property name="Rotation" type="int" value="0"/>
      <property name="Reflection" type="string" value="0"/>
      <property name="Primary" type="bool" value="true"/>
      <property name="Scale" type="empty">
        <property name="X" type="double" value="1.000000"/>
        <property name="Y" type="double" value="1.000000"/>
      </property>
      <property name="Position" type="empty">
        <property name="X" type="int" value="1920"/>
        <property name="Y" type="int" value="0"/>
      </property>
    </property>
  </property>
  <property name="Fallback" type="empty">
    <property name="DVI-D-0" type="string" value="Ancor Communications Inc 24&quot;">
      <property name="Active" type="bool" value="true"/>
      <property name="EDID" type="string" value="c6033a5d04e2e18b34bef73bffe9bcd97883bcf9"/>
      <property name="Resolution" type="string" value="1920x1080"/>
      <property name="RefreshRate" type="double" value="60.000000"/>
      <property name="Rotation" type="int" value="0"/>
      <property name="Reflection" type="string" value="0"/>
      <property name="Primary" type="bool" value="false"/>
      <property name="Scale" type="empty">
        <property name="X" type="double" value="1.000000"/>
        <property name="Y" type="double" value="1.000000"/>
      </property>
      <property name="Position" type="empty">
        <property name="X" type="int" value="1920"/>
        <property name="Y" type="int" value="0"/>
      </property>
    </property>
    <property name="HDMI-0" type="string" value="Goldstar Company Ltd 24&quot;">
      <property name="Active" type="bool" value="true"/>
      <property name="EDID" type="string" value="a72be2a7a303f4ded830da32c85a08e69e81ecdd"/>
      <property name="Resolution" type="string" value="1920x1080"/>
      <property name="RefreshRate" type="double" value="60.000000"/>
      <property name="Rotation" type="int" value="0"/>
      <property name="Reflection" type="string" value="0"/>
      <property name="Primary" type="bool" value="false"/>
      <property name="Scale" type="empty">
        <property name="X" type="double" value="1.000000"/>
        <property name="Y" type="double" value="1.000000"/>
      </property>
      <property name="Position" type="empty">
        <property name="X" type="int" value="0"/>
        <property name="Y" type="int" value="0"/>
      </property>
    </property>
    <property name="DP-0" type="string" value="AOC International 23&quot;">
      <property name="Active" type="bool" value="true"/>
      <property name="EDID" type="string" value="84837a5d05e98417608d5505078fd63f7dd38b71"/>
      <property name="Resolution" type="string" value="1920x1080"/>
      <property name="RefreshRate" type="double" value="60.000000"/>
      <property name="Rotation" type="int" value="0"/>
      <property name="Reflection" type="string" value="0"/>
      <property name="Primary" type="bool" value="false"/>
      <property name="Scale" type="empty">
        <property name="X" type="double" value="1.000000"/>
        <property name="Y" type="double" value="1.000000"/>
      </property>
      <property name="Position" type="empty">
        <property name="X" type="int" value="0"/>
        <property name="Y" type="int" value="0"/>
      </property>
    </property>
  </property>
</channel>
