<?xml version="1.0" encoding="UTF-8"?>

<channel name="xfce4-desktop" version="1.0">
  <property name="backdrop" type="empty">
    <property name="screen0" type="empty">
      <property name="monitorDVI-D-0" type="empty">
        <property name="workspace0" type="empty">
          <property name="color-style" type="int" value="0"/>
          <property name="image-style" type="int" value="5"/>
          <property name="last-image" type="string" value="/usr/share/backgrounds/xfce/xfce-verticals.png"/>
        </property>
        <property name="workspace1" type="empty">
          <property name="color-style" type="int" value="0"/>
          <property name="image-style" type="int" value="5"/>
          <property name="last-image" type="string" value="/usr/share/backgrounds/xfce/xfce-verticals.png"/>
        </property>
        <property name="workspace2" type="empty">
          <property name="color-style" type="int" value="0"/>
          <property name="image-style" type="int" value="5"/>
          <property name="last-image" type="string" value="/usr/share/backgrounds/xfce/xfce-verticals.png"/>
        </property>
        <property name="workspace3" type="empty">
          <property name="color-style" type="int" value="0"/>
          <property name="image-style" type="int" value="5"/>
          <property name="last-image" type="string" value="/usr/share/backgrounds/xfce/xfce-verticals.png"/>
        </property>
      </property>
      <property name="monitorDP-0" type="empty">
        <property name="workspace0" type="empty">
          <property name="color-style" type="int" value="0"/>
          <property name="image-style" type="int" value="5"/>
          <property name="last-image" type="string" value="/home/alan/Pictures/glucose.png"/>
        </property>
        <property name="workspace1" type="empty">
          <property name="color-style" type="int" value="0"/>
          <property name="image-style" type="int" value="5"/>
          <property name="last-image" type="string" value="/usr/share/backgrounds/xfce/xfce-verticals.png"/>
        </property>
        <property name="workspace2" type="empty">
          <property name="color-style" type="int" value="0"/>
          <property name="image-style" type="int" value="5"/>
          <property name="last-image" type="string" value="/usr/share/backgrounds/xfce/xfce-verticals.png"/>
        </property>
        <property name="workspace3" type="empty">
          <property name="color-style" type="int" value="0"/>
          <property name="image-style" type="int" value="5"/>
          <property name="last-image" type="string" value="/usr/share/backgrounds/xfce/xfce-verticals.png"/>
        </property>
      </property>
      <property name="monitorHDMI-0" type="empty">
        <property name="workspace0" type="empty">
          <property name="color-style" type="int" value="0"/>
          <property name="image-style" type="int" value="5"/>
          <property name="last-image" type="string" value="/usr/share/backgrounds/xfce/xfce-verticals.png"/>
        </property>
        <property name="workspace1" type="empty">
          <property name="color-style" type="int" value="0"/>
          <property name="image-style" type="int" value="5"/>
          <property name="last-image" type="string" value="/usr/share/backgrounds/xfce/xfce-verticals.png"/>
        </property>
        <property name="workspace2" type="empty">
          <property name="color-style" type="int" value="0"/>
          <property name="image-style" type="int" value="5"/>
          <property name="last-image" type="string" value="/usr/share/backgrounds/xfce/xfce-verticals.png"/>
        </property>
        <property name="workspace3" type="empty">
          <property name="color-style" type="int" value="0"/>
          <property name="image-style" type="int" value="5"/>
          <property name="last-image" type="string" value="/usr/share/backgrounds/xfce/xfce-verticals.png"/>
        </property>
      </property>
    </property>
  </property>
  <property name="last" type="empty">
    <property name="window-width" type="int" value="592"/>
    <property name="window-height" type="int" value="531"/>
  </property>
</channel>
